Founded Date,Founded Date Precision,Organization Name,Organization Name URL,Categories,Description,Headquarters Location,Headquarters Regions,Operating Status,Number of Funding Rounds,Funding Status,Last Funding Date,Last Funding Amount,Last Funding Amount Currency,Last Funding Amount Currency (in USD),Last Funding Type,Total Funding Amount,Total Funding Amount Currency,Total Funding Amount Currency (in USD)
30-08-2014,day,Heliocor,https://www.crunchbase.com/organization/heliocor,"Apps, Artificial Intelligence, Banking, Blockchain, Compliance, Cryptocurrency, FinTech, Information Technology, Machine Learning, Software",SaaS. Building a Digital Identity Ecosystem.,"City Of London, England, United Kingdom",European Union (EU),Active,2.0,Seed,01-11-2018,1700000.0,USD,1700000.0,Pre-Seed,2700000.0,USD,2700000.0
01-04-2017,month,Oriente,https://www.crunchbase.com/organization/oriente,"Artificial Intelligence, Asset Management, Big Data, Consumer Lending, FinTech, Lending, Machine Learning, Micro Lending, Mobile, Mobile Apps",Oriente is building a new digital financial services infastructure to unlock economic opportunity for emerging Asia's underserved.,"Hong Kong, Hong Kong Island, Hong Kong",Asia-Pacific (APAC),Active,2.0,Early Stage Venture,28-11-2018,105000000.0,USD,105000000.0,Series A,105000000.0,USD,105000000.0
01-01-2015,year,Lemonade,https://www.crunchbase.com/organization/lemonade,"Artificial Intelligence, Financial Services, Insurance, InsurTech","Lemonade is a full stack insurance company powered by AI and behavioral economics, and driven by social good.","New York, New York, United States","Greater New York Area, East Coast, Northeastern US",Active,5.0,Late Stage Venture,19-12-2017,120000000.0,USD,120000000.0,Series C,180000000.0,USD,180000000.0
01-10-2016,day,Fluidly,https://www.crunchbase.com/organization/fluidly,"Accounting, Business Information Systems, Financial Services, Machine Learning","Fluidly is fundamentally rethinking the way businesses plan and manage cashflow, using data science, accounting domain expertise.","London, England, United Kingdom",European Union (EU),Active,2.0,Early Stage Venture,13-11-2018,5000000.0,GBP,6507501.0,Series A,7000000.0,GBP,9193445.0
01-01-2012,year,Onfido,https://www.crunchbase.com/organization/onfido,"Artificial Intelligence, Compliance, FinTech, Identity Management, Information Technology, Internet, Security, Software",Onfido builds trust in an online world by helping businesses digitally verify people’s identities.,"London, England, United Kingdom",European Union (EU),Active,6.0,Late Stage Venture,27-09-2017,30000000.0,USD,30000000.0,Series C,60300000.0,USD,60300000.0
01-12-2012,day,AppZen,https://www.crunchbase.com/organization/appzen,"Accounting, Artificial Intelligence, Big Data, Enterprise Software, FinTech, SaaS",AppZen offers an artificial Intelligence powered SaaS solution for automating enterprise back office processes.,"Santa Clara, California, United States","San Francisco Bay Area, Silicon Valley, West Coast",Active,6.0,Early Stage Venture,30-10-2018,35000000.0,USD,35000000.0,Series B,51000000.0,USD,51000000.0
01-01-2015,year,omni:us,https://www.crunchbase.com/organization/omnius,"Artificial Intelligence, Insurance, InsurTech, Machine Learning",omni:us delivers structured data from highly variable documents to streamline insurance back end processes.,"Berlin, Berlin, Germany",European Union (EU),Active,2.0,Early Stage Venture,30-10-2018,19700000.0,EUR,22352606.0,Series A,23900000.0,EUR,26815942.0
01-11-2016,month,Syndio Solutions,https://www.crunchbase.com/organization/syndio,"Analytics, Compliance, Human Resources, Legal, Machine Learning, Predictive Analytics, SaaS, Social Network","Syndio is a people analytics company solving today's business challenges with data science, such as closing the gender pay gap","Santa Cruz, California, United States","San Francisco Bay Area, West Coast, Western US",Active,3.0,Seed,14-11-2018,5200000.0,USD,5200000.0,Seed,7100000.0,USD,7100000.0
24-09-2014,day,Fraugster,https://www.crunchbase.com/organization/fraugster,"Artificial Intelligence, Big Data, FinTech",Fraugster is a German-Israeli anti-fraud company that uses artificial intelligence to eliminate fraud and increase customers’ profits.,"Leeds, Leeds, United Kingdom",European Union (EU),Active,2.0,Early Stage Venture,07-11-2018,14000000.0,USD,14000000.0,Series B,19000000.0,USD,19000000.0
01-01-2018,year,Figure,https://www.crunchbase.com/organization/figure-66e9,"Artificial Intelligence, Blockchain, Finance, Financial Services, FinTech",Figure is a financial technology company that provides home equity release solutions.,"San Francisco, California, United States","San Francisco Bay Area, West Coast, Western US",Active,2.0,Early Stage Venture,26-05-2018,50000000.0,USD,50000000.0,Series A,100000000.0,USD,100000000.0
01-02-2012,day,Kreditech Holding,https://www.crunchbase.com/organization/kreditech,"Artificial Intelligence, Banking, Big Data, Finance, Financial Services, FinTech, Lending, Personal Finance",Kreditech uses machine-learning technologies to provide access to better credit for the underbanked,"Hamburg, Hamburg, Germany",European Union (EU),Active,13.0,Late Stage Venture,10-05-2017,110000000.0,EUR,119539490.0,Corporate Round,497320437.0,USD,497320437.0
18-10-2009,day,Feedzai,https://www.crunchbase.com/organization/feedzai,"Analytics, Artificial Intelligence, Big Data, FinTech, Information Technology, Risk Management","Feedzai is AI, with today’s most advanced risk management platform powered by artificial intelligence to make banking and commerce safe.","San Mateo, California, United States","San Francisco Bay Area, Silicon Valley, West Coast",Active,7.0,Late Stage Venture,17-10-2017,50000000.0,USD,50000000.0,Series C,76120203.0,USD,76120203.0
01-01-2013,year,Cazana,https://www.crunchbase.com/organization/cazana,"Artificial Intelligence, Automotive, Big Data, FinTech, InsurTech, Machine Learning, Predictive Analytics","Valuation and risk data to power the next generation of vehicle ownership. Used by car manufacturers, finance companies & insurers globally.","London, England, United Kingdom",European Union (EU),Active,2.0,Seed,01-10-2017,2300000.0,USD,2300000.0,Seed,3288737.0,USD,3288737.0
01-01-2010,year,Narrative Science,https://www.crunchbase.com/organization/narrative-science,"Analytics, Artificial Intelligence, Big Data, Data Mining, FinTech",Narrative Science is the leader in Advanced Natural Language Generation for the enterprise.,"Chicago, Illinois, United States","Greater Chicago Area, Great Lakes, Midwestern US",Active,7.0,Late Stage Venture,14-04-2017,11000000.0,USD,11000000.0,Series D,43400000.0,USD,43400000.0
24-05-2015,day,AND Global Pte.Ltd,https://www.crunchbase.com/organization/and-global-and-systems,"Artificial Intelligence, Finance, FinTech, Lending",AND GLOBAL Pte.Ltd is a Singapore based True FinTech Company powered by Machine Learning and Brilliant Minds. ,"Singapore, Central Region, Singapore","Asia-Pacific (APAC), Association of Southeast Asian Nations (ASEAN), Southeast Asia",Active,6.0,Seed,01-11-2018,5300000.0,USD,5300000.0,Seed,14968000.0,USD,14968000.0
01-01-2013,year,MoneyLion,https://www.crunchbase.com/organization/moneylion,"Artificial Intelligence, Consumer Lending, Credit, Financial Services, FinTech","MoneyLion is empowering the American dream by providing everyone access to better products for borrowing, saving and investing.","New York, New York, United States","Greater New York Area, East Coast, Northeastern US",Active,4.0,Early Stage Venture,04-01-2018,42000000.0,USD,42000000.0,Series B,67499428.0,USD,67499428.0
01-01-2008,year,Ayasdi,https://www.crunchbase.com/organization/ayasdi,"Analytics, Artificial Intelligence, Big Data, Data Visualization, FinTech, Machine Learning",Ayasdi offers a machine intelligence platform that helps organizations gain transformative advantage from big data,"Menlo Park, California, United States","San Francisco Bay Area, Silicon Valley, West Coast",Active,7.0,Late Stage Venture,25-03-2015,55000000.0,USD,55000000.0,Series C,106348982.0,USD,106348982.0
17-05-2011,day,Digital Shadows,https://www.crunchbase.com/organization/digital-shadows,"Analytics, Artificial Intelligence, Cyber Security, Risk Management","Protect your organization against digital risks across the open, deep, and dark web.","San Francisco, California, United States","San Francisco Bay Area, West Coast, Western US",Active,5.0,Late Stage Venture,20-09-2017,26000000.0,USD,26000000.0,Series C,48000000.0,USD,48000000.0
01-09-2015,month,wefox Group,https://www.crunchbase.com/organization/financefox,"Artificial Intelligence, FinTech, Insurance, InsurTech, Internet of Things",wefox: Platform that connects insurances to brokers that consult their customers completely digital; ONE: Fully digital insurance company,"Berlin, Berlin, Germany",European Union (EU),Active,4.0,Early Stage Venture,10-11-2017,5000000.0,USD,5000000.0,Debt Financing,38500000.0,USD,38500000.0
01-01-2013,year,Kasisto,https://www.crunchbase.com/organization/kasisto-inc,"Artificial Intelligence, Computer, FinTech, Information Technology, Software",Kasisto is a conversational AI platform for the finance industry with the most comprehensive production deployments.,"New York, New York, United States","Greater New York Area, East Coast, Northeastern US",Active,3.0,Early Stage Venture,13-12-2017,17000000.0,USD,17000000.0,Series B,28450000.0,USD,28450000.0
01-09-2012,day,Socure Inc.,https://www.crunchbase.com/organization/socure,"FinTech, Identity Management, Machine Learning, Security, Social Media",Socure is a predictive analytics platform for digital ID verification of consumers and businesses.,"New York, New York, United States","Greater New York Area, East Coast, Northeastern US",Active,6.0,Early Stage Venture,09-08-2017,13900000.0,USD,13900000.0,Series B,31900000.0,USD,31900000.0
20-12-2013,day,DataVisor,https://www.crunchbase.com/organization/datavisor,"Analytics, Big Data, Cyber Security, Fraud Detection, Machine Learning",DataVisor uses Unsupervised Machine Learning to detect fraud & financial crime before they can inflict damage.,"Mountain View, California, United States","San Francisco Bay Area, Silicon Valley, West Coast",Active,3.0,Late Stage Venture,09-02-2018,40000000.0,USD,40000000.0,Series C,54500000.0,USD,54500000.0
01-01-2013,year,Deserve,https://www.crunchbase.com/organization/deserve,"Analytics, Big Data, Credit Cards, Financial Services, FinTech, Internet, Machine Learning, Mobile Payments",Deserve is a next gen fintech company  that is helping millennials and Gen Z’s gain access to fair credit products through m/c learning. ,"Menlo Park, California, United States","San Francisco Bay Area, Silicon Valley, West Coast",Active,7.0,Late Stage Venture,27-08-2018,17000000.0,USD,17000000.0,Series C,95400000.0,USD,95400000.0
01-01-2002,year,Dtex Systems,https://www.crunchbase.com/organization/dtex-systems,"Business Intelligence, Cyber Security, Machine Learning, Predictive Analytics, Risk Management, Security, Software",User behavior intelligence provides complete visibility into everything users do on their work devices without compromising privacy.,"San Jose, California, United States","San Francisco Bay Area, Silicon Valley, West Coast",Active,3.0,Late Stage Venture,01-09-2017,9086573.0,USD,9086573.0,Series C,39534904.0,USD,39534904.0
01-01-2013,year,Lumiata,https://www.crunchbase.com/organization/lumiata,"Analytics, Artificial Intelligence, Big Data, Health Care, Machine Learning, Medical, Predictive Analytics, Risk Management",Lumiata provides AI-powered predictive analytics for managing healthcare costs and risk impacting millions of lives.,"San Mateo, California, United States","San Francisco Bay Area, Silicon Valley, West Coast",Active,4.0,Early Stage Venture,10-07-2018,11000000.0,USD,11000000.0,Series B,31000000.0,USD,31000000.0
02-06-2014,day,Behavox,https://www.crunchbase.com/organization/behavox,"Artificial Intelligence, Data Visualization, FinTech",Holistic employee surveillance system,"London, England, United Kingdom",European Union (EU),Active,4.0,Early Stage Venture,14-11-2017,20000000.0,USD,20000000.0,Series B,21400000.0,USD,21400000.0
09-11-2015,day,Cleo,https://www.crunchbase.com/organization/cleo-ai,"Artificial Intelligence, Finance, FinTech",Cleo is an artificial intelligence startup that offers an intelligent assistant to help users in managing their finances.,"London, England, United Kingdom",European Union (EU),Active,3.0,Early Stage Venture,21-09-2018,10000000.0,USD,10000000.0,Series A,13322899.0,USD,13322899.0
01-01-2014,year,Ravelin,https://www.crunchbase.com/organization/ravelin,"Artificial Intelligence, Cyber Security, FinTech, Fraud Detection, Information Technology, Machine Learning",Ravelin is a smart fraud detection and prevention platform that helps companies stop online payment fraud.,"London, England, United Kingdom",European Union (EU),Active,4.0,Early Stage Venture,11-09-2018,8000000.0,GBP,10412978.0,Series B,12300000.0,GBP,16073392.0
01-05-2014,day,Simility,https://www.crunchbase.com/organization/simility,"Fraud Detection, Machine Learning, Real Time","Simility helps companies prevent fraud and abuse in real time with machine learning, big data analytics and data visualization capabilities.","Palo Alto, California, United States","San Francisco Bay Area, Silicon Valley, West Coast",Active,4.0,M&A,12-12-2017,17500000.0,USD,17500000.0,Series B,24700000.0,USD,24700000.0
06-03-2016,day,Quantexa,https://www.crunchbase.com/organization/quantexa,"Analytics, Artificial Intelligence, Big Data, Compliance, Financial Services, FinTech","Quantexa is a big data analytics company, driving actionable intelligence in the fight against financial crime and customer insight.","London, England, United Kingdom",European Union (EU),Active,2.0,Early Stage Venture,02-08-2018,20000000.0,USD,20000000.0,Series B,23300000.0,USD,23300000.0
29-05-2012,day,Emailage,https://www.crunchbase.com/organization/emailage,"Air Transportation, Artificial Intelligence, E-Commerce, FinTech, Fraud Detection, Machine Learning, Real Time, SaaS, Software",Emailage provides transactional risk assessment by assessing and scoring email data for organizations around the world.,"Chandler, Arizona, United States","Greater Phoenix Area, Western US",Active,2.0,Early Stage Venture,19-06-2018,10000000.0,USD,10000000.0,Series B,15674970.0,USD,15674970.0
07-02-2014,day,CloudCherry,https://www.crunchbase.com/organization/cloudcherry,"Analytics, Banking, Business Intelligence, Cloud Computing, Customer Service, Data Integration, Enterprise Software, Financial Services, Information Technology, Market Research, Mobile, Predictive Analytics, Retail Technology, SaaS, Text Analytics",The Next Generation Voice Of Customer & Experience Management SaaS platform,"Salt Lake City, Utah, United States",Western US,Active,4.0,Early Stage Venture,06-09-2018,9000000.0,USD,9000000.0,Series A,16000000.0,USD,16000000.0
25-04-2011,day,DueDil,https://www.crunchbase.com/organization/duedil,"Analytics, Artificial Intelligence, Compliance, Credit, Data Integration, Developer APIs, Information Services, Sales, Transaction Processing",DueDil is the largest source of private company information in the UK & Ireland. It helps companies find new opportunities & mitigate risk.,"London, England, United Kingdom",European Union (EU),Active,8.0,Late Stage Venture,20-08-2018,8000000.0,GBP,10243343.0,Series C,43034923.0,USD,43034923.0
01-01-2015,year,Trim,https://www.crunchbase.com/organization/trim,"Artificial Intelligence, Consumer, Financial Services, FinTech, Machine Learning",Trim automates your financial life.,"San Francisco, California, United States","San Francisco Bay Area, West Coast, Western US",Active,2.0,Seed,20-07-2016,2200000.0,USD,2200000.0,Seed,2200000.0,USD,2200000.0
01-01-2017,year,OnSiteIQ,https://www.crunchbase.com/organization/onsiteiq,"Computer Vision, Construction, Enterprise Software, Insurance, Risk Management",OnSiteIQ is a tech-enabled construction visual documentation and Risk Assessment service,"New York, New York, United States","Greater New York Area, East Coast, Northeastern US",Active,5.0,Seed,15-11-2018,2000000.0,USD,2000000.0,Seed,2000000.0,USD,2000000.0
01-03-2015,month,UnifyID,https://www.crunchbase.com/organization/unifyid,"Enterprise Software, Identity Management, Information Technology, Machine Learning",UnifyID is an identity platform that offers seamless security through implicit authentication.,"San Francisco, California, United States","San Francisco Bay Area, West Coast, Western US",Active,1.0,Early Stage Venture,01-08-2017,20000000.0,USD,20000000.0,Series A,20000000.0,USD,20000000.0
18-04-2016,day,Zego,https://www.crunchbase.com/organization/zegocover,"Artificial Intelligence, Commercial Insurance, Finance, FinTech, Insurance, InsurTech, Professional Services, Property Insurance, Small and Medium Businesses",Zego is a global insurtech business providing flexible commercial insurance for businesses & professionals,"London, England, United Kingdom",European Union (EU),Active,3.0,Early Stage Venture,18-11-2017,6000000.0,GBP,7930214.0,Series A,9738890.0,USD,9738890.0
01-01-2014,year,Cytora,https://www.crunchbase.com/organization/cytora,"Analytics, Artificial Intelligence, Big Data, Commercial Insurance, Insurance, Risk Management","Cytora is a technology company powering a new way for commercial insurers to target, select and price risk.","London, England, United Kingdom",European Union (EU),Active,4.0,Early Stage Venture,06-12-2017,5900000.0,USD,5900000.0,Series A,8819867.0,USD,8819867.0
23-04-2012,day,Moneytree,https://www.crunchbase.com/organization/moneytree,"Analytics, Artificial Intelligence, Banking, Big Data, Credit Cards, Finance, FinTech, Personal Finance","Moneytree is Japan’s #1 financial data aggregation platform, providing financial data API services (B2E) and personal finance apps (B2C)","Tokyo, Tokyo, Japan",Asia-Pacific (APAC),Active,4.0,Early Stage Venture,02-05-2017,1000000000.0,JPY,8930714.0,Series B,10530714.0,USD,10530714.0
01-01-2013,year,Knowtions Research,https://www.crunchbase.com/organization/myknowtions,"Artificial Intelligence, Enterprise Software, InsurTech, Machine Learning, Natural Language Processing","Knowtions combines machine learning and expert communities to solve multilingual data challenges in social listening, patient experience","Toronto, Ontario, Canada",Great Lakes,Active,2.0,Early Stage Venture,13-11-2018,5000000.0,USD,5000000.0,Series A,5780000.0,USD,5780000.0
14-01-2014,day,Aire,https://www.crunchbase.com/organization/aire,"Artificial Intelligence, Credit, FinTech, Machine Learning",Aire gives people a new credit score to help them qualify for essential financial products.,"London, England, United Kingdom",European Union (EU),Active,5.0,Early Stage Venture,22-07-2017,5000000.0,USD,5000000.0,Series A,12000000.0,USD,12000000.0
29-01-2015,day,Aira Tech Corp,https://www.crunchbase.com/organization/aira,"Artificial Intelligence, Assistive Technology, Augmented Reality, Computer Vision, Health Care, Internet of Things, Machine Learning, Social Impact, Wearables",Aira combines AR + AI technology with human IQ to give legally blind people the augmented ability to access the entire visual world.,"La Jolla, California, United States","Greater San Diego Area, West Coast, Western US",Active,4.0,Early Stage Venture,16-05-2017,12000000.0,USD,12000000.0,Series B,15340000.0,USD,15340000.0
01-07-2015,day,Bud,https://www.crunchbase.com/organization/bud,"Developer APIs, Finance, Financial Services, FinTech, Machine Learning",Bud is the financial network combining APIs & Data to create a new species of connected experiences ,"London, England, United Kingdom",European Union (EU),Active,1.0,Seed,24-10-2017,1500000.0,GBP,1969563.0,Seed,1500000.0,GBP,1969563.0
11-07-2013,day,Canopy,https://www.crunchbase.com/organization/canopy-cloud,"Analytics, Apps, Big Data, Data Visualization, Finance, Information Services, Information Technology, Wealth Management","Canopy is a financial data aggregation, visualization, analytics, and reporting platform.","Singapore, Central Region, Singapore","Asia-Pacific (APAC), Association of Southeast Asian Nations (ASEAN), Southeast Asia",Active,5.0,Early Stage Venture,26-09-2018,4800000.0,USD,4800000.0,Series A,14325000.0,USD,14325000.0
01-01-2016,year,Zelros,https://www.crunchbase.com/organization/zelros,"Artificial Intelligence, InsurTech, Machine Learning",AI for Augmented Insurers,"Paris, Ile-de-France, France",European Union (EU),Active,1.0,Early Stage Venture,03-12-2018,4000000.0,EUR,4542197.0,Series A,4000000.0,EUR,4542197.0
05-03-2015,day,Getsafe,https://www.crunchbase.com/organization/safe,"Artificial Intelligence, Insurance, InsurTech",Getsafe is a mobile first insurance company for the digital age.,"Heidelberg, Baden-Wurttemberg, Germany",European Union (EU),Active,2.0,Early Stage Venture,23-11-2015,12000000.0,USD,12000000.0,Series A,12700000.0,USD,12700000.0
01-01-2014,year,AimBrain,https://www.crunchbase.com/organization/aimbrain,"Artificial Intelligence, Biometrics, Biotechnology, Cyber Security, FinTech",AimBrain is a BIDaaS (Biometric Identity as-a-Service) platform with five proprietary biometric authentication modules,"London, England, United Kingdom",European Union (EU),Active,4.0,Early Stage Venture,19-06-2017,4000000.0,GBP,5092271.0,Series A,4365000.0,GBP,5636346.0
01-01-2013,year,GeoSpock Ltd.,https://www.crunchbase.com/organization/geospock-ltd-,"Artificial Intelligence, Asset Management, Database, Geospatial, Information Services, Logistics, Mobile, Real Time, SaaS, Smart Cities","GeoSpock provides intelligent, software solutions that addresses essential data challenges related to space, time, scale and speed.","Cambridge, Cambridgeshire, United Kingdom",European Union (EU),Active,4.0,Early Stage Venture,22-02-2018,6600000.0,USD,6600000.0,Series A,17460000.0,USD,17460000.0
18-07-2013,day,TruValue Labs,https://www.crunchbase.com/organization/truvalue,"FinTech, Information Technology, Language Learning, Machine Learning",TruValue Labs' products provide advanced analytics to create usable and real-time sustainability metrics for better investment decisions.,"San Francisco, California, United States","San Francisco Bay Area, West Coast, Western US",Active,2.0,Early Stage Venture,14-05-2018,13600000.0,USD,13600000.0,Series A,13600000.0,USD,13600000.0
01-03-2014,day,Premonition,https://www.crunchbase.com/organization/premonition,"Artificial Intelligence, Information Services, Insurance, InsurTech, Legal, Predictive Analytics",Premonition - The World's Largest Litigation Database,"Miami, Florida, United States","Greater Miami Area, East Coast, Southern US",Active,2.0,Seed,04-11-2015,2000000.0,USD,2000000.0,Seed,5000000.0,USD,5000000.0
01-10-2015,month,ForwardLane,https://www.crunchbase.com/organization/forwardlane,"Artificial Intelligence, Asset Management, Finance, Financial Services, Machine Learning, Natural Language Processing, PaaS, Wealth Management",ForwardLane is an AI FinTech company.,"New York, New York, United States","Greater New York Area, East Coast, Northeastern US",Active,4.0,Seed,15-03-2018,4750000.0,USD,4750000.0,Seed,6725000.0,USD,6725000.0
01-01-2015,year,Ascent Technologies Inc.,https://www.crunchbase.com/organization/ascent-technologies,"Artificial Intelligence, Compliance, Financial Services",Ascent Technologies is a RegTech Intelligence-as-a-Service company that uses Domain AI and cloud software to automate regulatory compliance.,"Chicago, Illinois, United States","Greater Chicago Area, Great Lakes, Midwestern US",Active,3.0,Early Stage Venture,01-03-2018,6000000.0,USD,6000000.0,Series A,7445000.0,USD,7445000.0
01-01-2010,year,Cosmo Tech,https://www.crunchbase.com/organization/cosmo-company,"Analytics, Asset Management, B2B, Predictive Analytics, Software",Cosmo Tech is a global technology company that helps the C-suite make optimal business decisions.,"Lyon, Rhone-Alpes, France",European Union (EU),Active,3.0,Early Stage Venture,11-09-2018,21000000.0,USD,21000000.0,Series B,29540943.0,USD,29540943.0
01-02-2016,month,Bambu,https://www.crunchbase.com/organization/bambu,"Artificial Intelligence, Financial Services, FinTech, Wealth Management",Bambu is a robo-advisor solution provider offering financial and consumer brands.,"Singapore, Central Region, Singapore","Asia-Pacific (APAC), Association of Southeast Asian Nations (ASEAN), Southeast Asia",Active,2.0,Early Stage Venture,11-07-2018,3000000.0,USD,3000000.0,Series A,3400000.0,USD,3400000.0
01-01-2016,year,CLARA analytics,https://www.crunchbase.com/organization/clara-analytics,"Artificial Intelligence, Computer, Insurance, InsurTech, Machine Learning, Predictive Analytics, SaaS",A leading predictive analytics company for workers’ compensation,"Santa Clara, California, United States","San Francisco Bay Area, Silicon Valley, West Coast",Active,2.0,Early Stage Venture,04-01-2018,11500000.0,USD,11500000.0,Series A,11500000.0,USD,11500000.0
04-08-2014,day,Accern,https://www.crunchbase.com/organization/accern,"Analytics, Artificial Intelligence, Big Data, Finance, FinTech",Accern is a data design company that helps automate research and data analysis processes within organizations.,"New York, New York, United States","Greater New York Area, East Coast, Northeastern US",Active,3.0,Seed,10-11-2017,3000000.0,USD,3000000.0,Seed,4435000.0,USD,4435000.0
18-11-2014,day,Text IQ,https://www.crunchbase.com/organization/text-iq,"Artificial Intelligence, Compliance, Enterprise Software, Information Technology, Machine Learning",Text IQ uses groundbreaking AI technology to protect companies from high-stakes legal and compliance disasters.,"New York, New York, United States","Greater New York Area, East Coast, Northeastern US",Active,2.0,Early Stage Venture,20-09-2016,3000000.0,USD,3000000.0,Series A,3000000.0,USD,3000000.0
18-08-2016,day,NS8 Inc,https://www.crunchbase.com/organization/ns8-inc,"Big Data, Cyber Security, E-Commerce, Fraud Detection, Machine Learning, Security","NS8 is an abuse, fraud, and user experience protection platform.","Las Vegas, Nevada, United States",Western US,Active,5.0,Seed,20-11-2017,7500000.0,USD,7500000.0,Seed,8875000.0,USD,8875000.0
01-01-2001,year,China Rapid Finance,https://www.crunchbase.com/organization/china-rapid-finance,"Artificial Intelligence, Big Data, FinTech, Internet, Marketplace, Predictive Analytics",China Rapid Finance is an online consumer lending marketplace serving online users and China’s emerging middle class.,"Shanghai, Shanghai, China",Asia-Pacific (APAC),Active,4.0,IPO,15-11-2016,75000000.0,USD,75000000.0,Series C,172928140.0,USD,172928140.0
01-01-2015,year,Flock Ltd.,https://www.crunchbase.com/organization/flockcover,"Analytics, Artificial Intelligence, Big Data, Drones, Insurance, InsurTech, Software","Flock is a London-based, VC- and government-backed insurtech company building a Big Data driven risk intelligence platform for drones.","London, England, United Kingdom",European Union (EU),Active,4.0,Seed,29-05-2018,2250000.0,GBP,2982198.0,Seed,2750000.0,GBP,3606922.0
30-11-2014,day,Tookitaki,https://www.crunchbase.com/organization/tookitaki,"Compliance, Finance, FinTech, Machine Learning",Tookitaki provides enterprise software solutions to enable sustainable regulatory compliance programs in financial services industry. ,"Singapore, Central Region, Singapore","Asia-Pacific (APAC), Association of Southeast Asian Nations (ASEAN), Southeast Asia",Active,6.0,Seed,06-09-2017,20000.0,USD,20000.0,Seed,4245000.0,USD,4245000.0
01-01-2006,day,Aggregate Knowledge,https://www.crunchbase.com/organization/aggregateknowledge,"Advertising, Big Data, Predictive Analytics, Risk Management",Aggregate Knowledge is a media intelligence company that enables advertisers to reach the highest performing customers on a single platform.,"San Mateo, California, United States","San Francisco Bay Area, Silicon Valley, West Coast",Active,8.0,M&A,01-04-2013,3266100.0,USD,3266100.0,Venture - Series Unknown,74311925.0,USD,74311925.0
01-01-2012,year,CreditVidya,https://www.crunchbase.com/organization/creditvidya,"Credit, Financial Services, FinTech, Machine Learning, Risk Management",CreditVidya offers alternate data based credit scores for underwriting first time borrowers using machine learning and big data analytics.,"Mumbai, Maharashtra, India",Asia-Pacific (APAC),Active,2.0,Early Stage Venture,06-09-2017,5000000.0,USD,5000000.0,Series B,7000000.0,USD,7000000.0
01-01-2012,year,Element Inc,https://www.crunchbase.com/organization/element-inc,"Artificial Intelligence, Biometrics, Identity Management",Element develops and distributes mobile-based platforms for digital identity.,"New York, New York, United States","Greater New York Area, East Coast, Northeastern US",Active,3.0,Early Stage Venture,11-04-2018,12000000.0,USD,12000000.0,Series A,18000000.0,USD,18000000.0
01-01-2016,year,"Sigma Ratings, Inc.",https://www.crunchbase.com/organization/sigma-ratings,"Artificial Intelligence, Compliance, Information Technology, Machine Learning, SaaS",Sigma Ratings uses AI to assess company-level non-credit risks.,"New York, New York, United States","Greater New York Area, East Coast, Northeastern US",Active,3.0,Seed,02-07-2018,2400000.0,USD,2400000.0,Seed,3100000.0,USD,3100000.0
01-01-2013,year,Quantemplate,https://www.crunchbase.com/organization/quantemplate,"Analytics, Artificial Intelligence, Data Integration, Enterprise Software, InsurTech, Machine Learning, SaaS",Machine learning data transformation and analytics solution for insurance professionals,"London, England, United Kingdom",European Union (EU),Active,5.0,Early Stage Venture,12-12-2017,2500000.0,GBP,3329856.0,Series A,13587307.0,USD,13587307.0
01-01-2014,year,Trooly,https://www.crunchbase.com/organization/troo-ly,"FinTech, Machine Learning, Risk Management, SaaS, Sharing Economy","Trooly delivers Instant Trust™ services that verify, screen and predict trustworthy relationships and interactions. #FinTech #P2P","Los Altos, California, United States","San Francisco Bay Area, Silicon Valley, West Coast",Active,1.0,M&A,20-06-2016,10000000.0,USD,10000000.0,Series A,10000000.0,USD,10000000.0
01-01-2017,year,Artivatic.ai,https://www.crunchbase.com/organization/artivatic-data-labs,"Auto Insurance, Commercial Insurance, Computer, FinTech, Health Care, Health Insurance, Insurance, Internet of Things, Lending, Life Insurance, Machine Learning, Property Insurance, Quality Assurance, Software","Artivatic's patent pending technology solves complex problems in  Insurance for On-boarding, Fraud, Risk Profiling, Underwriting & claims.","Bangalore, Karnataka, India",Asia-Pacific (APAC),Active,3.0,Seed,26-09-2017,10000000.0,INR,153010.0,Angel,10000000.0,INR,153010.0
01-01-2009,year,Sky-Futures,https://www.crunchbase.com/organization/sky-futures,"Artificial Intelligence, Asset Management, Consumer Electronics, Energy, Enterprise Applications, Enterprise Software, Oil and Gas, Robotics",Sky-Futures offer end-to-end drone-based inspection services (incl. software and drone training) to the global industrial markets since 2009,"London, England, United Kingdom",European Union (EU),Active,3.0,Early Stage Venture,31-08-2017,4000000.0,USD,4000000.0,Series B,13523126.0,USD,13523126.0
01-01-2015,year,Naborly,https://www.crunchbase.com/organization/naborly,"Artificial Intelligence, Big Data, Credit Bureau, FinTech, Real Estate",Intelligent credit reporting and scores. ,"Toronto, Ontario, Canada",Great Lakes,Active,1.0,Seed,01-10-2016,2400000.0,USD,2400000.0,Angel,2400000.0,USD,2400000.0
01-01-2012,day,Creamfinance,https://www.crunchbase.com/organization/creamfinance,"Finance, Financial Services, FinTech, Machine Learning",Creamfinance is a financial services company based on cutting edge financial technology instruments.,"Warsaw, Mazowieckie, Poland",European Union (EU),Active,3.0,Early Stage Venture,27-03-2017,21000000.0,EUR,22808088.0,Series B,30118088.0,USD,30118088.0
11-11-2015,day,Iris.ai,https://www.crunchbase.com/organization/iris-ai,"Artificial Intelligence, Assistive Technology, EdTech, Innovation Management, Product Research, Visual Search","Iris is an AI Science Assistant, helping R&D double productivity when seeking out new opportunities in published research.","Oslo, Oslo, Norway","Nordic Countries, Scandinavia",Active,3.0,Seed,01-12-2017,2000000.0,USD,2000000.0,Seed,2419379.0,USD,2419379.0
01-01-2016,year,Brolly,https://www.crunchbase.com/organization/brolly,"Artificial Intelligence, FinTech, Insurance, InsurTech",Brolly is an AI-driven insurance advisory services app.,"London, England, United Kingdom",European Union (EU),Active,1.0,Seed,27-07-2017,1000000.0,GBP,1307644.0,Seed,1000000.0,GBP,1307644.0
04-06-2015,day,IceKredit,https://www.crunchbase.com/organization/icekredit-2,"Artificial Intelligence, Big Data, FinTech, Machine Learning",IceKredit is a risk management platform based on big data and artificial intelligence.,"Shanghai, Shanghai, China",Asia-Pacific (APAC),Active,4.0,Early Stage Venture,01-10-2017,25000000.0,USD,25000000.0,Series B,50200000.0,USD,50200000.0
01-01-2014,year,Intelligo Group,https://www.crunchbase.com/organization/intelligo-group,"Artificial Intelligence, Information Technology, Machine Learning, Risk Management",Intelligo uses AI and machine learning to speed up and automate background checks.,"New City, New York, United States","Greater New York Area, East Coast, Northeastern US",Active,2.0,Early Stage Venture,19-10-2017,5700000.0,USD,5700000.0,Series A,6800000.0,USD,6800000.0
01-10-2016,day,Lending Express,https://www.crunchbase.com/organization/lending-express,"Artificial Intelligence, FinTech, Marketplace",Lending Express is the only AI-powered marketplace for business loans. ,"New York, New York, United States","Greater New York Area, East Coast, Northeastern US",Active,1.0,Seed,22-05-2018,2700000.0,USD,2700000.0,Seed,2700000.0,USD,2700000.0
01-01-2008,year,Selerity,https://www.crunchbase.com/organization/selerity,"Artificial Intelligence, Data Mining, FinTech, Natural Language Processing, Real Time, Sales Automation",A.I. for Financial Workflow Automation,"New York, New York, United States","Greater New York Area, East Coast, Northeastern US",Active,4.0,Late Stage Venture,08-03-2016,4200000.0,USD,4200000.0,Series C,14520000.0,USD,14520000.0
01-01-2015,year,RiskGenius,https://www.crunchbase.com/organization/riskgenius,"Analytics, Artificial Intelligence, Financial Services, Insurance, InsurTech, Machine Learning",The RiskGenius Platform applies artificial intelligence to insurance policies.,"Overland Park, Kansas, United States",Midwestern US,Active,2.0,Early Stage Venture,07-11-2017,2950000.0,USD,2950000.0,Series A,2950000.0,USD,2950000.0
01-01-2012,year,Bokio,https://www.crunchbase.com/organization/bokio,"Accounting, Artificial Intelligence, Internet, Software","Bokio save time & paperwork, create your payslips online through your mobile, tablet or computer. Bokio is always at hand. Absolutely free.","Göteborg, Vastra Gotaland, Sweden","European Union (EU), Nordic Countries, Scandinavia",Active,2.0,Seed,13-07-2017,3100000.0,EUR,3535378.0,Seed,3100000.0,EUR,3535378.0
01-01-2011,year,First Access,https://www.crunchbase.com/organization/first-access,"Big Data, Emerging Markets, Finance, Financial Services, FinTech, Mobile, Predictive Analytics",First Access is a fintech company offering a smart data platform for financial institutions in emerging markets,"New York, New York, United States","Greater New York Area, East Coast, Northeastern US",Active,3.0,Early Stage Venture,20-11-2017,7000000.0,USD,7000000.0,Series A,9250000.0,USD,9250000.0
01-01-2013,year,Saagie,https://www.crunchbase.com/organization/saagie,"Artificial Intelligence, Big Data, Enterprise Applications, FinTech, Information Technology, PaaS","Saagie is an end-to-end data platform to extract and refine your data, to build and run AI-based applications.","Petit-quevilly, Haute-Normandie, France",European Union (EU),Active,3.0,Early Stage Venture,29-01-2018,5000000.0,EUR,6190516.0,Series A,10050000.0,EUR,11611806.0
01-12-2013,day,ArgonCredit,https://www.crunchbase.com/organization/argoncredit,"Analytics, Consumer Lending, Finance, Financial Services, FinTech, Innovation Management, Machine Learning, Personal Finance","Argon Credit is a online personal loan startup. Currently growing in the U.S. with plans to expand into the U.K., Europe and Australia.","Chicago, Illinois, United States","Greater Chicago Area, Great Lakes, Midwestern US",Active,4.0,Early Stage Venture,19-05-2015,75000000.0,USD,75000000.0,Debt Financing,80050000.0,USD,80050000.0
15-06-2016,day,Tradeteq,https://www.crunchbase.com/organization/tradeteq,"Analytics, Big Data, Finance, FinTech, Machine Learning, Payments",Trade Finance Network & Analytics,"London, England, United Kingdom",European Union (EU),Active,3.0,Seed,18-07-2018,6300000.0,USD,6300000.0,Seed,6300000.0,USD,6300000.0
01-01-2013,year,HelloSoda,https://www.crunchbase.com/organization/hellosoda,"Advertising, Analytics, Big Data, Data Visualization, Finance, FinTech, Information Technology",HelloSoda is Designed To Predict Your Credit Rating And Potential For Fraud,"Manchester, Manchester, United Kingdom",European Union (EU),Active,4.0,Private Equity,01-11-2017,4000000.0,GBP,5302620.0,Private Equity,5500000.0,GBP,7291102.0
16-01-2017,day,Rossum,https://www.crunchbase.com/organization/rossum,"Artificial Intelligence, Document Management, FinTech, SaaS",Rossum creates a world without manual data entry.,"London, England, United Kingdom",European Union (EU),Active,2.0,Seed,07-03-2018,750000.0,USD,750000.0,Seed,1000000.0,USD,1000000.0
01-01-2015,year,DPOrganizer,https://www.crunchbase.com/organization/dporganizer,"Compliance, Data Visualization, Legal","The DPOrganizer SaaS will help you map, visualize, report and manage your processing of personal data.","Stockholm, Stockholms Lan, Sweden","European Union (EU), Nordic Countries, Scandinavia",Active,4.0,Early Stage Venture,17-07-2018,3000000.0,EUR,3495973.0,Series A,6032000.0,EUR,7086515.0
01-12-2015,month,Flowcast,https://www.crunchbase.com/organization/flowcast,"Artificial Intelligence, Big Data, Financial Services, FinTech, Machine Learning",Flowcast provides an AI platform to automate and power smarter credit decisions,"San Francisco, California, United States","San Francisco Bay Area, West Coast, Western US",Active,2.0,Seed,07-11-2016,2300000.0,USD,2300000.0,Seed,2300000.0,USD,2300000.0
01-01-2015,year,Float,https://www.crunchbase.com/organization/float-4,"Credit, Financial Services, Machine Learning",Float is a mobile-first credit experience that offers small dollar credit lines built on bank and alternative data.,"Los Angeles, California, United States","Greater Los Angeles Area, West Coast, Western US",Closed,3.0,Seed,09-02-2017,3000000.0,USD,3000000.0,Seed,4000000.0,USD,4000000.0
01-01-2013,year,Yongqianbao,https://www.crunchbase.com/organization/yongqianbao,"Artificial Intelligence, Financial Services, FinTech","Yongqianbao is an AI-based financial service APP that provides small amount, short term loans to underbanked population in China.","Beijing, Beijing, China",Asia-Pacific (APAC),Active,5.0,Late Stage Venture,31-03-2017,466000000.0,CNY,67637197.0,Series C,622000000.0,CNY,90990158.0
18-01-2016,day,Kristal.AI (O2O Technologies Pte Ltd),https://www.crunchbase.com/organization/kristal-ai-o2o-technologies-pte-ltd,"Artificial Intelligence, Asset Management, Trading Platform",Kristal is an AI based asset management platform that gives investors access to independent advisors and portfolio managers.,"Singapore, Central Region, Singapore","Asia-Pacific (APAC), Association of Southeast Asian Nations (ASEAN), Southeast Asia",Active,2.0,Seed,11-04-2018,1850000.0,USD,1850000.0,Seed,3050000.0,USD,3050000.0
01-02-2011,day,GrowthIntel,https://www.crunchbase.com/organization/growth-intelligence,"Artificial Intelligence, Big Data, Business Intelligence, Enterprise Software, Real Time, Risk Management",Growth Intelligence is a UK technology company offering a software-as-a-service product to B2B corporations.,"London, England, United Kingdom",European Union (EU),Active,1.0,Early Stage Venture,06-03-2015,3400000.0,USD,3400000.0,Series A,3400000.0,USD,3400000.0
01-01-2009,year,"Allure Security Technology, Inc.",https://www.crunchbase.com/organization/allure-security-technology-inc,"Analytics, Artificial Intelligence, Big Data, Cloud Security, Cyber Security, Machine Learning, Mobile, Risk Management",Novo is the first Data Loss Detection and Response (DDR) technology that tracks and protects documents inside and outside the enterprise. ,"Waltham, Massachusetts, United States","Greater Boston Area, East Coast, New England",Active,1.0,Seed,25-01-2018,5300000.0,USD,5300000.0,Seed,5300000.0,USD,5300000.0
01-01-1999,year,Saffron Technology,https://www.crunchbase.com/organization/saffron-technology,"Artificial Intelligence, Machine Learning, Risk Management","Saffron Technology offers research, financial, risk management, supply chain, security, healthcare, and social media services.","Los Altos, California, United States","San Francisco Bay Area, Silicon Valley, West Coast",Active,4.0,M&A,20-03-2014,7000000.0,USD,7000000.0,Series B,7540888.0,USD,7540888.0
15-05-2015,day,Walnut Algorithms,https://www.crunchbase.com/organization/walnut-algorithms,"Artificial Intelligence, Asset Management, Financial Services, FinTech, Machine Learning, Wealth Management",Artificial Intelligence for Investment Management,"Paris, Ile-de-France, France",European Union (EU),Active,4.0,Seed,01-07-2017,420000.0,EUR,479832.0,Grant,1470000.0,EUR,1651925.0
01-01-2014,year,Fractal Labs,https://www.crunchbase.com/organization/fractal-labs,"Analytics, Artificial Intelligence, Blockchain, Credit, FinTech, Machine Learning, Software",Fractal powers smart SME banking.,"London, England, United Kingdom",European Union (EU),Active,1.0,Seed,01-01-2015,800000.0,GBP,1242039.0,Seed,800000.0,GBP,1242039.0
01-12-2016,day,Stratyfy,https://www.crunchbase.com/organization/stratyfy,"Analytics, Artificial Intelligence, FinTech, Information Technology, InsurTech, Machine Learning, Predictive Analytics, Software",Stratyfy provides predictive analytics and decision management solutions to financial institutions.,"New York, New York, United States","Greater New York Area, East Coast, Northeastern US",Active,1.0,Seed,01-08-2017,900000.0,USD,900000.0,Seed,900000.0,USD,900000.0
01-09-2016,day,Sarwa.co,https://www.crunchbase.com/organization/sarwa-co,"Artificial Intelligence, FinTech, Wealth Management",The first hybrid investment platform for young professionals in the region. Sarwa's platform makes expert investing easy and affordable.,"Dubai, Dubai, United Arab Emirates",Gulf Cooperation Council (GCC),Active,2.0,Seed,02-09-2018,1300000.0,USD,1300000.0,Seed,1300000.0,USD,1300000.0
01-01-2016,year,Zighra,https://www.crunchbase.com/organization/zighra,"Artificial Intelligence, Biometrics, Enterprise Software, Identity Management, Machine Learning, Mobile",Decentralized AI powered continuous authentication and fraud detection,"Ottawa, Ontario, Canada",Great Lakes,Active,3.0,Seed,16-12-2016,1000000.0,USD,1000000.0,Seed,2000000.0,USD,2000000.0
01-01-2012,year,Satago,https://www.crunchbase.com/organization/satago-net,"Accounting, Artificial Intelligence, Enterprise Software, FinTech, Small and Medium Businesses",Satago is software that helps small businesses improve cashflow by getting paid faster.,"London, England, United Kingdom",European Union (EU),Active,4.0,M&A,08-06-2016,3000000.0,GBP,4353352.0,Debt Financing,7721769.0,USD,7721769.0
01-01-1978,year,Questel,https://www.crunchbase.com/organization/questel,"Analytics, Asset Management, Business Intelligence, Consulting, Data Visualization, E-Learning, Innovation Management, Intellectual Property",Covering IP needs across the innovation lifecycle.,"Paris, Ile-de-France, France",European Union (EU),Active,1.0,Private Equity,02-06-2015,18000000.0,EUR,20070693.0,Private Equity,18000000.0,EUR,20070693.0
01-11-2013,day,Artificial Labs,https://www.crunchbase.com/organization/artificial-labs,"Artificial Intelligence, Insurance, InsurTech, Web Development","We collaborate with leading insurers, using technology to save time, money and increase sales.","London, England, United Kingdom",European Union (EU),Active,2.0,Seed,28-02-2018,1000000.0,GBP,1375466.0,Convertible Note,2000000.0,GBP,2695265.0
01-09-2015,month,Olivia AI,https://www.crunchbase.com/organization/olivia-ai-inc,"Artificial Intelligence, FinTech, Mobile Apps",Olivia is an AI-powered financial assistant app that helps you stretch your paycheck and better spend your hard-earned money.,"San Francisco, California, United States","San Francisco Bay Area, West Coast, Western US",Active,1.0,Seed,12-05-2016,500000.0,USD,500000.0,Seed,500000.0,USD,500000.0
01-01-2016,year,ABC Fintech,https://www.crunchbase.com/organization/abc-fintech,"Artificial Intelligence, Enterprise Software, Financial Services, FinTech, Machine Learning, SaaS",ABC Fintech provides AI-driven cloud services for financial professionals.,"Beijing, Beijing, China",Asia-Pacific (APAC),Active,1.0,Early Stage Venture,31-08-2017,30000000.0,USD,30000000.0,Series A,30000000.0,USD,30000000.0
10-05-2010,day,Ancoa Software,https://www.crunchbase.com/organization/ancoa-software,"Analytics, Big Data, Data Visualization, FinTech, Fraud Detection","Ancoa provides contextual surveillance and insightful analytics for exchanges, regulators, buy & sell-side firms.","London, England, United Kingdom",European Union (EU),Active,2.0,M&A,21-09-2015,4099999.0,GBP,6359654.0,Series A,4099999.0,GBP,6359654.0
15-02-2013,day,Wireless Registry,https://www.crunchbase.com/organization/the-wireless-registry,"Identity Management, Internet of Things, Location Based Services, Machine Learning",Contextual Awareness of Wireless Things and Spaces,"Washington, District of Columbia, United States","Washington DC Metro Area, Southern US",Active,4.0,Early Stage Venture,04-10-2017,6200000.0,USD,6200000.0,Series A,9414000.0,USD,9414000.0
01-01-2016,day,Vic.ai,https://www.crunchbase.com/organization/vic-ai,"Accounting, Artificial Intelligence, Financial Services, Information Services",Exponential Accounting,"New York, New York, United States","Greater New York Area, East Coast, Northeastern US",Active,2.0,Seed,01-08-2017,1500000.0,USD,1500000.0,Seed,1500000.0,USD,1500000.0
17-03-2014,day,Invacio Research Analytica,https://www.crunchbase.com/organization/invacio,"Artificial Intelligence, Big Data, Blockchain, Finance, FinTech, Machine Learning, National Security","Solve intelligence, use it to make the world a better place.","London, England, United Kingdom",European Union (EU),Active,4.0,M&A,30-04-2018,400000.0,USD,400000.0,Initial Coin Offering,7450000.0,USD,7450000.0
01-01-2017,year,Insurdata,https://www.crunchbase.com/organization/insurdata,"Data Visualization, Insurance, Risk Management","High resolution, building level, peril-specific exposure and risk data globally.","Denver, Colorado, United States","Greater Denver Area, Western US",Active,1.0,Seed,24-10-2017,1000000.0,USD,1000000.0,Seed,1000000.0,USD,1000000.0
22-05-2014,day,SESAMm,https://www.crunchbase.com/organization/sesamm,"Analytics, Artificial Intelligence, Big Data, Cryptocurrency, Data Visualization, Finance, Financial Services, FinTech, Natural Language Processing, Predictive Analytics",SESAMm is an innovative FinTech company specializing in Big Data and Artificial Intelligence for Asset Management.,"Metz, Lorraine, France",European Union (EU),Active,2.0,Early Stage Venture,09-03-2018,2600000.0,EUR,3199948.0,Series A,3600000.0,EUR,4336558.0
05-01-2017,day,EquBot,https://www.crunchbase.com/organization/equbot,"Artificial Intelligence, FinTech",EquBot is a technology company that is disrupting the investment process. Our powerful AI provides unique investment insights to investors.,"San Francisco, California, United States","San Francisco Bay Area, West Coast, Western US",Active,1.0,Seed,10-06-2017,335000.0,USD,335000.0,Seed,335000.0,USD,335000.0
01-11-2015,month,Receptiviti,https://www.crunchbase.com/organization/receptiviti,"Analytics, Artificial Intelligence, Human Resources, Natural Language Processing, Psychology, Risk Management","Receptiviti analyzes communication, helping you better understand the psychologies of the people who matter most to your business.","Toronto, Ontario, Canada",Great Lakes,Active,2.0,Early Stage Venture,01-09-2018,2300000.0,CAD,1762788.0,Series A,2452788.0,USD,2452788.0
01-08-2015,month,ABAKA Holdings,https://www.crunchbase.com/organization/abaka-holdings,"Artificial Intelligence, Finance, Financial Services, FinTech",ABAKA is an Employee Financial Wellbeing platform powered by Artificial Intelligence,"London, England, United Kingdom",European Union (EU),Active,2.0,Seed,20-08-2017,1250000.0,GBP,1609124.0,Seed,1950000.0,GBP,2489789.0
01-06-2016,day,Exabel,https://www.crunchbase.com/organization/exabel,"Analytics, Artificial Intelligence, Cloud Computing, Finance, FinTech, Machine Learning, SaaS",Artificial intelligence for human investors,"Oslo, Oslo, Norway","Nordic Countries, Scandinavia",Active,3.0,Seed,24-08-2018,4710000.0,USD,4710000.0,Seed,10230000.0,USD,10230000.0
11-03-2008,day,Advanced Virtual,https://www.crunchbase.com/organization/advanced-virtual,"Artificial Intelligence, Augmented Reality, Big Data, Blockchain, FinTech, IaaS, Intelligent Systems, Internet of Things, Machine Learning, Natural Language Processing, Operating Systems, PaaS, Predictive Analytics, Robotics, SaaS, Virtual Reality","Artificial Intelligence, ML, Operating System, Personal Supercomputers, Virtual Reality, Augmented Reality, Data Mining, IoT, Blockchain","San Francisco, California, United States","San Francisco Bay Area, West Coast, Western US",Active,2.0,Early Stage Venture,23-04-2018,2500000.0,USD,2500000.0,Series A,2866054.0,USD,2866054.0
01-10-2015,month,BankSight Systems,https://www.crunchbase.com/organization/banksight,"Banking, Cloud Computing, CRM, Machine Learning, Predictive Analytics, SaaS, Software",BankSight Systems offers Intelligent Banking CRM for banks and credit unions.,"San Francisco, California, United States","San Francisco Bay Area, West Coast, Western US",Active,1.0,Seed,19-12-2015,4700000.0,USD,4700000.0,Seed,4700000.0,USD,4700000.0
23-01-2014,day,ForCity,https://www.crunchbase.com/organization/forcity,"Data Integration, Data Visualization, Risk Management, SaaS, Smart Cities, Software Engineering",Using 4D simulation to support decision making for tomorrow's smart cities,"Lyon, Rhone-Alpes, France",European Union (EU),Active,1.0,Early Stage Venture,31-01-2018,8000000.0,EUR,9933741.0,Series A,8000000.0,EUR,9933741.0
01-01-2014,year,FinTech Studios,https://www.crunchbase.com/organization/fintech-studios,"Artificial Intelligence, Big Data, Financial Services, FinTech, Machine Learning, Mobile Apps, Natural Language Processing","Cloud platform of FinTech apps and big data analytics leveraging machine learning, NLP and AI","New York, New York, United States","Greater New York Area, East Coast, Northeastern US",Active,1.0,Seed,20-07-2017,1000000.0,USD,1000000.0,Seed,1000000.0,USD,1000000.0
01-01-2014,year,Liber Finance Group,https://www.crunchbase.com/organization/liber-finance-group,"Artificial Intelligence, Consumer Lending, FinTech, Machine Learning, Marketplace",Liber Finance Group is a financial technology company that operates multiple AI-driven marketplaces across Europe for consumer finance,"Warsaw, Mazowieckie, Poland",European Union (EU),Active,2.0,Seed,01-06-2017,2000000.0,EUR,2242569.0,Seed,2000000.0,EUR,2242569.0
01-08-2014,day,"FitBliss, Inc.",https://www.crunchbase.com/organization/fitbliss,"Artificial Intelligence, Employee Benefits, Health Care, Health Insurance, Human Resources, InsurTech, Machine Learning, Productivity Tools, SaaS, Wellness",Optimize Health & Productivity for the Global Workforce,"San Jose, California, United States","San Francisco Bay Area, Silicon Valley, West Coast",Active,4.0,Seed,16-07-2018,120000.0,USD,120000.0,Convertible Note,380000.0,USD,380000.0
01-01-2013,year,OakNorth,https://www.crunchbase.com/organization/oaknorth-bank,"Artificial Intelligence, Banking, Big Data, Commercial Lending, Finance, Financial Services, FinTech, Lending, Machine Learning, Personal Finance, Small and Medium Businesses",OakNorth is Europe’s fastest-growing fintech by assets and valuation,"Manchester, Manchester, United Kingdom",European Union (EU),Active,6.0,Early Stage Venture,06-09-2018,100000000.0,USD,100000000.0,Series B,601034144.0,USD,601034144.0
01-01-2017,year,Cove,https://www.crunchbase.com/organization/cove-5,"Artificial Intelligence, Financial Services, FinTech, Insurance, InsurTech",Insurance. Simple.,"Auckland, Auckland, New Zealand","Asia-Pacific (APAC), Australasia",Active,2.0,Seed,01-08-2018,2000000.0,NZD,1358737.0,Seed,2000000.0,NZD,1358737.0
29-06-2018,day,FairFrame,https://www.crunchbase.com/organization/fairframe,"Artificial Intelligence, Enterprise Applications, FinTech, Human Computer Interaction, Human Resources, Machine Learning, Psychology",AI and nudge science for workplace diversity.,"New York, New York, United States","Greater New York Area, East Coast, Northeastern US",Active,2.0,Seed,10-09-2018,120000.0,USD,120000.0,Pre-Seed,195000.0,USD,195000.0
01-01-2017,year,moneytor,https://www.crunchbase.com/organization/moneytor,"Compliance, Debt Collections, Financial Services, FinTech, Machine Learning",Moneytor is making debt collection more efficient.,"Mumbai, Maharashtra, India",Asia-Pacific (APAC),Active,1.0,Seed,11-01-2018,300000.0,USD,300000.0,Seed,300000.0,USD,300000.0
01-10-2016,month,TypingDNA,https://www.crunchbase.com/organization/typingdna,"Artificial Intelligence, Biometrics, Computer, Cyber Security, FinTech","TypingDNA provides typing biometrics authentication as a service, enabling companies recognize people by the way they type.","New York, New York, United States","Greater New York Area, East Coast, Northeastern US",Active,2.0,Seed,26-01-2018,100000.0,USD,100000.0,Seed,100000.0,USD,100000.0
01-01-2015,year,Cybertonica Ltd.,https://www.crunchbase.com/organization/cybertonica,"Artificial Intelligence, Cyber Security, Financial Services, FinTech, Fraud Detection","Cybertonica provides a cloud risk intelligence hub to reduce basket drop-off and increase conversion for banks, PSPs and e-merchants.","London, England, United Kingdom",European Union (EU),Active,3.0,Seed,11-07-2018,100000.0,EUR,116759.0,Grant,433018.0,USD,433018.0
16-06-2015,day,Avocado Systems,https://www.crunchbase.com/organization/avocado-systems,"Compliance, Cyber Security, Data Visualization, Enterprise Applications",Security and Compliance - Any Application | Any Platform | Any Cloud,"San Jose, California, United States","San Francisco Bay Area, Silicon Valley, West Coast",Active,1.0,Seed,01-01-2017,1000000.0,USD,1000000.0,Angel,1000000.0,USD,1000000.0
01-01-2017,year,Mile Auto,https://www.crunchbase.com/organization/mile-auto,"Computer Vision, Insurance, InsurTech",Pay-per-mile Insurance,"Atlanta, Georgia, United States","Greater Atlanta Area, East Coast, Southern US",Active,1.0,Seed,27-10-2016,1000000.0,USD,1000000.0,Seed,1000000.0,USD,1000000.0
16-07-2018,day,Halos Insurance,https://www.crunchbase.com/organization/halos-insurance,"Artificial Intelligence, Blockchain, Consumer, Impact Investing, Insurance, InsurTech",A fully digital consumer insurance platform designed to make insurance useful for every single consumer.,"Washington, District of Columbia, United States","Washington DC Metro Area, Southern US",Active,1.0,Seed,24-07-2018,120000.0,USD,120000.0,Angel,120000.0,USD,120000.0
01-12-2016,month,Black Swan Technology,https://www.crunchbase.com/organization/black-swan-technology,"Analytics, Artificial Intelligence, Big Data, Cloud Computing, Cloud Infrastructure, Finance, FinTech, IaaS, PaaS, Predictive Analytics, Risk Management, SaaS",Structure and underwrite cloud outage insurance (COPA: Cloud Outage Payout Agreements). ,"Seattle, Washington, United States","Greater Seattle Area, West Coast, Western US",Active,2.0,Early Stage Venture,24-04-2017,3000000.0,USD,3000000.0,Series A,3250000.0,USD,3250000.0
07-05-2013,day,Chaser,https://www.crunchbase.com/organization/chaser,"Accounting, Artificial Intelligence, Finance","Striving to build Earth's best products to help businesses get their invoices paid on time, automatically","London, England, United Kingdom",European Union (EU),Active,1.0,Seed,01-04-2015,500000.0,GBP,741549.0,Seed,500000.0,GBP,741549.0
01-01-2017,year,Digital Fingerprints,https://www.crunchbase.com/organization/digital-fingerprints-is-a-continuous-authentication-solution-based-on-behavioural-biometrics,"Artificial Intelligence, Big Data, Biometrics, Cyber Security, Fraud Detection, Machine Learning, Risk Management",Digital Fingerprints is a continuous authentication solution based on behavioural biometrics compliant with PSD2 and GDPR,"Katowice, Slaskie, Poland",European Union (EU),Active,1.0,Seed,01-03-2017,2000000.0,USD,2000000.0,Seed,2000000.0,USD,2000000.0
03-02-2017,day,Bruno,https://www.crunchbase.com/organization/bruno,"Artificial Intelligence, Banking, Financial Services, FinTech",We are building a new way to interact with money. ,"Paris, Ile-de-France, France",European Union (EU),Active,1.0,Seed,05-02-2018,1000000.0,EUR,1236627.0,Seed,1000000.0,EUR,1236627.0
22-07-2015,day,MK Decision,https://www.crunchbase.com/organization/mk-decision,"Artificial Intelligence, Banking, Credit, Credit Bureau, Credit Cards, Financial Services, Machine Learning, Risk Management, SaaS, Web Apps",MK Decision's lending platform helps financial institutions make lending simple.,"San Diego, California, United States","Greater San Diego Area, West Coast, Western US",Active,2.0,Seed,03-10-2018,938000.0,USD,938000.0,Pre-Seed,1079000.0,USD,1079000.0
01-03-2017,day,GlobalWonks,https://www.crunchbase.com/organization/globalwonks,"B2B, Big Data, Enterprise, Information Services, Knowledge Management, Machine Learning, Professional Services, Risk Management, SaaS",GlobalWonks is a technology-enabled marketplace connecting decision makers with global business and policy experts within minutes,"Washington, District of Columbia, United States","Washington DC Metro Area, Southern US",Active,2.0,Seed,02-04-2018,350000.0,USD,350000.0,Seed,500000.0,USD,500000.0
01-01-2010,year,Quovo,https://www.crunchbase.com/organization/quovo,"Analytics, Artificial Intelligence, Banking, Developer APIs, Financial Services, FinTech, Machine Learning, Wealth Management",Quovo is a provider of account aggregation and data analytics technology for finance.,"New York, New York, United States","Greater New York Area, East Coast, Northeastern US",Active,4.0,Early Stage Venture,03-05-2018,4800000.0,USD,4800000.0,Series B,20975731.0,USD,20975731.0
01-04-2016,day,DealStart,https://www.crunchbase.com/organization/dealstart,"Big Data, Commercial Real Estate, Finance, FinTech, Machine Learning, Marketplace","Online platform that helps commercial real estate professionals quickly analyze, professionally model & more easily raise money for deals","New York, New York, United States","Greater New York Area, East Coast, Northeastern US",Active,1.0,Seed,01-06-2014,500000.0,USD,500000.0,Seed,500000.0,USD,500000.0
01-05-2014,month,Whistler Technologies,https://www.crunchbase.com/organization/whistler-technologies,"Data Visualization, Financial Services, FinTech, Machine Learning, Software",Enterprise Communications Monitoring &  Intelligence,"Boulder, Colorado, United States","Greater Denver Area, Western US",Active,5.0,Seed,27-01-2017,100000.0,USD,100000.0,Convertible Note,1355000.0,USD,1355000.0
03-12-2010,day,twingz,https://www.crunchbase.com/organization/twingz,"Artificial Intelligence, B2B, Energy, Energy Efficiency, InsurTech, Internet of Things, Machine Learning, Predictive Analytics",twingz delivers predictive analytics based on anomaly detection out of energy meterdata feeds & provides damage prevention services on top.,"Vienna, Wien, Austria",European Union (EU),Active,4.0,Seed,30-05-2017,100000.0,EUR,111721.0,Seed,500000.0,EUR,599175.0
01-01-2017,year,Ayomi,https://www.crunchbase.com/organization/ipoome,"Artificial Intelligence, FinTech, Software",Ayomi is the first Artificial Intelligence to automatically fund any business. ,"Paris, Ile-de-France, France",European Union (EU),Active,1.0,Seed,29-03-2018,1000000.0,EUR,1230242.0,Seed,1000000.0,EUR,1230242.0
02-05-2016,day,DUNFORCE,https://www.crunchbase.com/organization/dunforce,"Artificial Intelligence, B2B, FinTech, Payments",The smart collection agent that simplifies and accelerates the payment of your receivables.,"Barcelona, Catalonia, Spain",European Union (EU),Active,1.0,Seed,30-05-2016,100000.0,EUR,111396.0,Seed,100000.0,EUR,111396.0
01-04-2017,day,Digital Claim,https://www.crunchbase.com/organization/dcm-digital-claim-management-gmbh,"InsurTech, Legal, Machine Learning",Insuretech - automating claim recovery for insurances,"Vienna, Wien, Austria",European Union (EU),Active,2.0,Seed,01-06-2018,500000.0,USD,500000.0,Seed,650000.0,USD,650000.0
12-06-2012,day,Owlin,https://www.crunchbase.com/organization/owlin,"Analytics, Artificial Intelligence, Big Data, FinTech, Machine Learning, Natural Language Processing",Turn News into Actionable Intelligence,"Amsterdam, Noord-Holland, The Netherlands",European Union (EU),Active,1.0,Seed,11-12-2012,250000.0,USD,250000.0,Seed,250000.0,USD,250000.0
01-01-2014,year,QARA Soft,https://www.crunchbase.com/organization/qara,"Artificial Intelligence, Financial Services, FinTech",Fintech start-up that provides online investment advisory and asset management services using deep-learning technology.,"Seoul, Seoul-t'ukpyolsi, South Korea",Asia-Pacific (APAC),Active,1.0,Seed,19-02-2018,1000000.0,USD,1000000.0,Seed,1000000.0,USD,1000000.0
01-01-2015,year,CRiskCo,https://www.crunchbase.com/organization/criskco,"Accounting, Credit, Financial Services, Fraud Detection, Machine Learning",CRiskCo provide fraud detection and credit management platform for vendors and FI's using Artificial Intelligence and behavior analyses,"Palo Alto, California, United States","San Francisco Bay Area, Silicon Valley, West Coast",Active,2.0,Seed,06-12-2016,100000.0,AUD,74674.0,Grant,399674.0,USD,399674.0
01-05-2016,day,"iChain, Inc.",https://www.crunchbase.com/organization/ichain-inc,"Artificial Intelligence, Blockchain, Insurance, InsurTech, Internet of Things",iChain is Japanese leading InsurTech startup that innovates the insurance industry based on Blockchain Technology (Distributed Ledger Tech).,"Tokyo, Tokyo, Japan",Asia-Pacific (APAC),Active,2.0,Seed,18-03-2018,460000.0,USD,460000.0,Seed,960000.0,USD,960000.0
15-09-2016,day,The Beans,https://www.crunchbase.com/organization/the-beans,"FinTech, Machine Learning, Personal Finance",Wealth management at scale for the real middle class.,"San Francisco, California, United States","San Francisco Bay Area, West Coast, Western US",Active,1.0,Seed,15-08-2017,100000.0,USD,100000.0,Seed,100000.0,USD,100000.0
01-01-2015,year,Preseries,https://www.crunchbase.com/organization/preseries-tech,"Angel Investment, Artificial Intelligence, FinTech, Machine Learning, Predictive Analytics, Software, Venture Capital",PreSeries takes advantage of Machine Learning to transform startup investing into a successful data-driven practice,"Valencia, Comunidad Valenciana, Spain",European Union (EU),Active,1.0,Seed,01-06-2017,1000000.0,EUR,1121284.0,Seed,1000000.0,EUR,1121284.0
01-02-2016,day,Hyper Anna,https://www.crunchbase.com/organization/hyper-anna,"Analytics, Artificial Intelligence, Banking, FinTech, Software",Hyper Anna is an Artificial Intelligence powered data analyst - Siri for analytics.,"Sydney, New South Wales, Australia","Asia-Pacific (APAC), Australasia",Active,2.0,Early Stage Venture,21-08-2017,16000000.0,AUD,12697354.0,Series A,17250000.0,AUD,13647653.0
05-11-2015,day,Property Passbook,https://www.crunchbase.com/organization/property-passbook,"Asset Management, Big Data, Machine Learning, Property Management, Real Estate, Real Estate Investment, Wealth Management",Outperform the Global Property Market With Smart Data.,"Shanghai, Shanghai, China",Asia-Pacific (APAC),Active,2.0,Seed,30-05-2018,625000.0,USD,625000.0,Seed,625000.0,USD,625000.0
01-10-2012,day,InfoTrie,https://www.crunchbase.com/organization/infotrie-financial-solutions,"Analytics, Big Data, Data Mining, Data Visualization, Developer APIs, Finance, Financial Services, FinTech, SaaS",InfoTrie offers cutting edge technology to analyze the humongous flow of information produced by the financial industry.,"Singapore, Central Region, Singapore","Asia-Pacific (APAC), Association of Southeast Asian Nations (ASEAN), Southeast Asia",Active,1.0,Seed,31-03-2014,500000.0,SGD,397551.0,Seed,500000.0,SGD,397551.0
01-03-2015,day,VeriSmart,https://www.crunchbase.com/organization/verismart,"Artificial Intelligence, Blockchain, FinTech, Information Technology","Identity blockchain and AI based startup, Working on building. Global Trust engine for businesses making KYC process autonomous.","California City, California, United States","West Coast, Western US",Active,6.0,Seed,01-06-2018,40000.0,USD,40000.0,Seed,705000.0,USD,705000.0
16-02-2016,day,Active.ai,https://www.crunchbase.com/organization/active-ai,"Artificial Intelligence, Financial Services, FinTech, Information Technology",Active.ai is a service platform that connects consumers with their banks via micro conversation.,"Singapore, Central Region, Singapore","Asia-Pacific (APAC), Association of Southeast Asian Nations (ASEAN), Southeast Asia",Active,3.0,Early Stage Venture,13-11-2017,8250000.0,USD,8250000.0,Series A,11750000.0,USD,11750000.0
26-01-2011,day,Mujo Mechanics,https://www.crunchbase.com/organization/mujo-mechanics,"Analytics, Artificial Intelligence, Assistive Technology, Hardware, Health Care, Health Diagnostics, Internet of Things, Medical, Medical Device, Online Portals, Personalization, Predictive Analytics, Real Time, Rehabilitation, Robotics, Sensor, Software, Sports",Mujo Mechanics provides smart devices and intelligent cloud platform for a data-driven approach to musculoskeletal health.,"London, England, United Kingdom",European Union (EU),Active,3.0,Seed,24-03-2017,1500000.0,GBP,1870725.0,Angel,1700000.0,GBP,2117580.0
01-04-2016,day,Houzen,https://www.crunchbase.com/organization/houzen,"Artificial Intelligence, Asset Management, Internet, Machine Learning, Property Management, Real Estate",Matching property with its ideal tenants in 3-5 days,"London, England, United Kingdom",European Union (EU),Active,1.0,Seed,01-11-2017,500000.0,GBP,662827.0,Angel,500000.0,GBP,662827.0
01-01-2010,year,DigitalMR,https://www.crunchbase.com/organization/digitalmr,"Analytics, Big Data, FinTech, Machine Learning, Predictive Analytics, SaaS",DigitalMR is a tech company that uses A.I. for customer insights,"London, England, United Kingdom",European Union (EU),Active,2.0,Seed,01-09-2013,448000.0,USD,448000.0,Convertible Note,1468000.0,USD,1468000.0
02-02-2018,day,Poleecy,https://www.crunchbase.com/organization/poleecy,"Artificial Intelligence, Auto Insurance, Blockchain, Commercial Insurance, Health Insurance, Insurance, InsurTech, Machine Learning, Property Insurance","Instant Insurance, Insurtech, Blockchain","Roma, Lazio, Italy",European Union (EU),Active,1.0,Seed,20-04-2018,300000.0,EUR,369378.0,Seed,300000.0,EUR,369378.0
11-09-2017,day,WeGroup,https://www.crunchbase.com/organization/wegroup,"Artificial Intelligence, Financial Services, Insurance, InsurTech, Natural Language Processing, Peer to Peer",WeGroup is a digital peer-to-peer (P2P) InsurTech company.,"Bruges, West-Vlaanderen, Belgium",European Union (EU),Active,1.0,Seed,11-09-2017,150000.0,EUR,179370.0,Seed,150000.0,EUR,179370.0
01-01-2017,year,Kellify,https://www.crunchbase.com/organization/kellify,"Artificial Intelligence, Financial Services, FinTech, Machine Learning",Kellify is a venture-backed AI  fintech startup company.,"Genova, Liguria, Italy",European Union (EU),Active,1.0,Seed,16-07-2018,1730000.0,USD,1730000.0,Seed,1730000.0,USD,1730000.0
01-08-2015,day,AgentRisk - Superhuman Wealth Management,https://www.crunchbase.com/organization/agentrisk,"Artificial Intelligence, Financial Services, FinTech, Wealth Management","Automated portfolio management & option strategies, all managed by A.I.","Los Angeles, California, United States","Greater Los Angeles Area, West Coast, Western US",Active,1.0,Seed,11-12-2016,300000.0,USD,300000.0,Angel,300000.0,USD,300000.0
30-12-2016,day,Satoshi Systems Limited,https://www.crunchbase.com/organization/satoshi-systems,"Blockchain, Computer, FinTech, Machine Learning, Software, Trading Platform","Satoshi Systems provides state of the art software solutions for the trading space, currently focusing on the commodity.","London, England, United Kingdom",European Union (EU),Active,1.0,Seed,18-03-2017,1250000.0,GBP,1548860.0,Seed,1250000.0,GBP,1548860.0
01-03-2018,day,WeTuring,https://www.crunchbase.com/organization/weturing,"Artificial Intelligence, Blockchain, Cryptocurrency, FinTech","WeTuring is set to revolutionize the financial services world by creating a decentralized, autonomous platform using AI and Blockchain","Santa Clara, California, United States","San Francisco Bay Area, Silicon Valley, West Coast",Active,1.0,Seed,01-02-2018,2000000.0,USD,2000000.0,Seed,2000000.0,USD,2000000.0
03-04-2014,day,Link Big,https://www.crunchbase.com/organization/link-big,"B2B, Cloud Computing, Cloud Data Services, FinTech, Information Services, InsurTech, Machine Learning, Retail Technology, Social Media Marketing, Travel",Link Big is a smart link that finally transform general mobile web links to personal user experience links.,"Birmingham, Birmingham, United Kingdom",European Union (EU),Active,4.0,Seed,01-12-2017,125000.0,GBP,168420.0,Seed,379716.0,USD,379716.0
16-10-2013,day,DwellAware,https://www.crunchbase.com/organization/dwellaware,"Analytics, Big Data, Business Intelligence, FinTech, Information Services, Internet, Predictive Analytics, Real Estate",We quantify risks & costs for businesses and their customers in the housing sector,"San Francisco, California, United States","San Francisco Bay Area, West Coast, Western US",Closed,2.0,Seed,23-03-2014,1581000.0,USD,1581000.0,Seed,2181000.0,USD,2181000.0
05-09-2013,day,Financial Network Analytics,https://www.crunchbase.com/organization/financial-network-analytics,"Analytics, Artificial Intelligence, Data Visualization, Enterprise Software, Fraud Detection, Payments, Risk Management, Simulation",The Standard for Graph Analytics in Finance,"London, England, United Kingdom",European Union (EU),Active,2.0,Seed,15-01-2016,25000.0,EUR,27284.0,Seed,559284.0,USD,559284.0
01-06-2016,day,Emerada,https://www.crunchbase.com/organization/emerada,"Artificial Intelligence, FinTech, Lending",Emerada is a bank account aggregation & cashflow analytics platform to SMEs and banks for enhancing lending activity in Japan.,"Tokyo, Tokyo, Japan",Asia-Pacific (APAC),Active,1.0,Seed,07-04-2017,2500000.0,USD,2500000.0,Seed,2500000.0,USD,2500000.0
01-09-2017,day,BUNCH,https://www.crunchbase.com/organization/bunch-4710,"Artificial Intelligence, FinTech, Internet, Outsourcing, Task Management",A modern outsourcing house for high-growth tech companies,"Hong Kong, Hong Kong Island, Hong Kong",Asia-Pacific (APAC),Active,1.0,Seed,01-06-2017,200000.0,USD,200000.0,Seed,200000.0,USD,200000.0
23-09-2012,day,Unified Computer Intelligence Corporation,https://www.crunchbase.com/organization/the-ubi,"Human Computer Interaction, Internet of Things, Lending, Natural Language Processing, Smart Home",Unified Computer Intelligence Corporation is a tools and services for rapidly prototyping and adding voice interaction to hardware devices.,"Toronto, Ontario, Canada",Great Lakes,Active,3.0,Seed,02-03-2014,1100000.0,CAD,993405.0,Angel,1319795.0,USD,1319795.0
01-01-2015,year,VendorMach,https://www.crunchbase.com/organization/vendormach,"Analytics, Artificial Intelligence, B2B, Data Mining, Internet, Risk Management, Supply Chain Management","Big data analytics platform for ecommerce supplier planning and accounts payable (AP) reconciliations, reducing fraud, error and costs.","New York, New York, United States","Greater New York Area, East Coast, Northeastern US",Active,4.0,Seed,30-06-2017,800000.0,USD,800000.0,Seed,820000.0,USD,820000.0
18-10-2016,day,LUXLOCK,https://www.crunchbase.com/organization/luxlock,"Artificial Intelligence, Big Data, E-Commerce, Enterprise Software, Identity Management, Retail Technology, Unified Communications",Unified Experience Platform,"New York, New York, United States","Greater New York Area, East Coast, Northeastern US",Active,2.0,Seed,01-11-2016,61500.0,USD,61500.0,Seed,61500.0,USD,61500.0
01-01-2016,year,Sway Finance,https://www.crunchbase.com/organization/sway-finance,"Accounting, Artificial Intelligence, B2B, Finance, FinTech, Machine Learning, SaaS, Software",Sway Finance is bringing artificial intelligence to the accounting industry.,"San Francisco, California, United States","San Francisco Bay Area, West Coast, Western US",Active,1.0,Seed,22-08-2016,120000.0,USD,120000.0,Seed,120000.0,USD,120000.0
01-06-2014,month,Ampliphae Ltd,https://www.crunchbase.com/organization/ampliphae-ltd,"Artificial Intelligence, Compliance, Machine Learning, SaaS, Telecommunications",Ampliphae uses analytics and machine learning to understand and automate wide-area networks.,"Belfast, Belfast, United Kingdom",European Union (EU),Active,1.0,Seed,02-03-2016,1400000.0,GBP,1970975.0,Seed,1400000.0,GBP,1970975.0
01-02-2016,month,Waymark Tech,https://www.crunchbase.com/organization/waymark-tech-ltd,"Artificial Intelligence, Compliance, FinTech, Legal, Machine Learning, SaaS",Waymark Tech offers a platform that breaks regulations down by turning the complex into prescriptive actions.,"London, England, United Kingdom",European Union (EU),Active,2.0,Seed,01-09-2017,30000.0,EUR,35585.0,Seed,30000.0,EUR,35585.0
01-06-2018,day,PayScanner,https://www.crunchbase.com/organization/payscanner,"Artificial Intelligence, Billing, Financial Services, FinTech, Machine Learning, Payments",Helping legacy payment ecosystems to adopt emerging payment ecosystems.,"London, England, United Kingdom",European Union (EU),Active,1.0,Seed,03-06-2018,250000.0,GBP,333837.0,Seed,250000.0,GBP,333837.0
01-01-2016,day,TALK Accounting,https://www.crunchbase.com/organization/talk-accounting,"Accounting, Android, Artificial Intelligence, Finance, FinTech, iOS, Small and Medium Businesses",TALK Accounting codes and verifies your transactions to automate bookkeeping via voice-to-data system.,"Tucson, Arizona, United States",Western US,Active,2.0,Seed,07-02-2017,500000.0,USD,500000.0,Convertible Note,900000.0,USD,900000.0
23-06-2013,day,Irisbond,https://www.crunchbase.com/organization/irisbond,"Artificial Intelligence, Assistive Technology, Consumer Electronics, Software",Irisbond creates a new way for humans to communicate based on precision eye tracking technology.,"San Sebastian, Pais Vasco, Spain",European Union (EU),Active,3.0,Early Stage Venture,08-01-2018,1230000.0,EUR,1472318.0,Series B,1580000.0,EUR,1877412.0
01-02-2016,month,Yedup Limited,https://www.crunchbase.com/organization/yedup-limited,"Artificial Intelligence, Big Data, FinTech, Hedge Funds, Machine Learning, Natural Language Processing, Real Time","Yedup develops real-time, continually adaptive AI technology for high value, ultra-low latency capital markets applications.","Belfast, Belfast, United Kingdom",European Union (EU),Active,1.0,Seed,13-04-2017,500000.0,GBP,625212.0,Seed,500000.0,GBP,625212.0
19-04-2017,day,Techwisely Ltd,https://www.crunchbase.com/organization/techwisely-ltd,"Advertising, Artificial Intelligence, Big Data, FinTech, Loyalty Programs, Machine Learning, Mobile Payments, Retail Technology, Speech Recognition","Available on mobile and smartwatch platform, we offer world's first hands-free counterless checkout solution eliminating the need of queuing","London, England, United Kingdom",European Union (EU),Active,2.0,Seed,26-05-2018,50000.0,GBP,66540.0,Seed,100000.0,GBP,131290.0
21-05-2014,day,Novofina,https://www.crunchbase.com/organization/novofina,"Artificial Intelligence, Finance, FinTech, Wealth Management",Algorithm-based Wealth Management FinTech/WealthTech — New Finance,"Mosta, NA - Malta, Malta",European Union (EU),Active,2.0,Seed,31-01-2016,1000000.0,EUR,1083045.0,Seed,1600000.0,EUR,1903160.0
06-12-2016,day,"GTop Group, Inc.",https://www.crunchbase.com/organization/gtop-group-corp,"Artificial Intelligence, Asset Management, Homeland Security, Law Enforcement, Market Research, National Security, Predictive Analytics, Public Safety, Risk Management, Security",AI - Fusion Video and Data Predictive Analytic Threat Detection Technology ,"New York, New York, United States","Greater New York Area, East Coast, Northeastern US",Active,2.0,Seed,08-06-2018,500000.0,USD,500000.0,Seed,501000.0,USD,501000.0
18-07-2017,day,Lokalist,https://www.crunchbase.com/organization/lokalist-aps,"Artificial Intelligence, Big Data, FinTech, Price Comparison",We are developing an AI that can determine the value of an item on your local secondhand market,"Copenhagen, Hovedstaden, Denmark","European Union (EU), Nordic Countries, Scandinavia",Active,2.0,Seed,04-10-2018,40000.0,EUR,46068.0,Pre-Seed,116068.0,USD,116068.0
26-01-2017,day,cover2protect,https://www.crunchbase.com/organization/cover2protect,"Artificial Intelligence, Elder Care, Health Care, InsurTech, Machine Learning, mHealth",AI driven predective healthcare solution which is aiming towards decreasing the cost of healthcare by early detection and intervention. ,"Singapore, Central Region, Singapore","Asia-Pacific (APAC), Association of Southeast Asian Nations (ASEAN), Southeast Asia",Active,1.0,Seed,06-12-2017,100000.0,USD,100000.0,Seed,100000.0,USD,100000.0
02-01-2016,day,Formotiv,https://www.crunchbase.com/organization/formotiv,"Artificial Intelligence, Fraud Detection, Predictive Analytics","Formotiv's platform analyzes end user behavioral patterns.  Our customers learn CX behavior and measure engagement, intent, trust and risk.","Philadelphia, Pennsylvania, United States","Greater Philadelphia Area, Great Lakes, Northeastern US",Active,1.0,Seed,29-06-2018,405000.0,USD,405000.0,Seed,405000.0,USD,405000.0
01-11-2014,day,QuiznGifts,https://www.crunchbase.com/organization/weesteer,"Advertising, Advertising Platforms, Brand Marketing, Charity, Consumer, E-Commerce, FinTech, Predictive Analytics, SaaS",SaaS - Digital Entertainment with Real Rewards,"Göteborg, Vastra Gotaland, Sweden","European Union (EU), Nordic Countries, Scandinavia",Active,1.0,Seed,15-03-2016,500000.0,SEK,60086.0,Seed,500000.0,SEK,60086.0
01-01-2017,year,Panda Technology,https://www.crunchbase.com/organization/panda-technology,"Big Data, Credit, Financial Services, FinTech, Lead Generation, Machine Learning, Personal Finance",China's leading FinTech startup Panda Technology is an AI-based credit management &lead-gen platform that serves users in China and SE Asia.,"Beijing, Beijing, China",Asia-Pacific (APAC),Active,1.0,Seed,29-06-2018,1511000.0,USD,1511000.0,Angel,1511000.0,USD,1511000.0
01-07-2014,day,UNFRAUD,https://www.crunchbase.com/organization/unfraud,"Artificial Intelligence, Fraud Detection, Transaction Processing", UNFRAUD is a software platform that prevents potential online fraud scenarios.,"Roma, Lazio, Italy",European Union (EU),Active,3.0,Seed,01-06-2017,50000.0,EUR,56064.0,Grant,188887.0,USD,188887.0
01-08-2010,day,Visible Market Inc.,https://www.crunchbase.com/organization/visible-markets,"Data Visualization, FinTech, Internet, Mobile",Visible Market Inc. is a financial data visualization platform that offers financial information products for mobile devices.,"New York, New York, United States","Greater New York Area, East Coast, Northeastern US",Active,3.0,Seed,18-12-2012,800000.0,USD,800000.0,Seed,900000.0,USD,900000.0
01-11-2015,month,MDOTM AI-Driven Investment Strategies,https://www.crunchbase.com/organization/mdotm-2,"Asset Management, Finance, Financial Services, FinTech, Machine Learning",Quantitative Investment Research Company,"London, England, United Kingdom",European Union (EU),Active,1.0,Early Stage Venture,23-11-2018,2000000.0,EUR,2267895.0,Series A,2000000.0,EUR,2267895.0
17-12-2017,day,InsureVite,https://www.crunchbase.com/organization/insurevite,"Artificial Intelligence, B2B, Blockchain, Collaboration, FinTech, Information Technology, Insurance, Mobile Apps",We make insurance great again using our proprietary SONAR Chatbot,"Singapore, Central Region, Singapore","Asia-Pacific (APAC), Association of Southeast Asian Nations (ASEAN), Southeast Asia",Active,1.0,Seed,03-05-2018,10000.0,USD,10000.0,Angel,10000.0,USD,10000.0
26-02-2013,day,RootAnt,https://www.crunchbase.com/organization/rootant,"Data Visualization, Developer APIs, Finance, Financial Services, FinTech, SaaS, Trading Platform, UX Design, Wealth Management","RootAnt is almost the only Fintech from China, who focus on improving financial experience and serving international financial institutions.","Shanghai, Shanghai, China",Asia-Pacific (APAC),Active,2.0,Seed,17-01-2018,85000.0,USD,85000.0,Angel,314976.0,USD,314976.0
28-03-2018,day,Efortles Inc,https://www.crunchbase.com/organization/efortles-inc,"Accounting, Industrial Automation, Machine Learning",Accounting Firm,"New York, New York, United States","Greater New York Area, East Coast, Northeastern US",Active,1.0,Seed,28-03-2018,30000.0,USD,30000.0,Seed,30000.0,USD,30000.0
01-06-2013,day,Inovance Financial Technologies,https://www.crunchbase.com/organization/inovance,"Artificial Intelligence, Big Data, Financial Services, FinTech, SaaS",Making analyzing financial data easy and actionable.,"New York, New York, United States","Greater New York Area, East Coast, Northeastern US",Active,2.0,Seed,23-09-2013,50000.0,USD,50000.0,Seed,65000.0,USD,65000.0
01-10-2014,day,kontoor,https://www.crunchbase.com/organization/kontoor,"Big Data, FinTech, Machine Learning, Predictive Analytics",Kontoor reads all news and while monitoring markets learns to think like a trader combining human intuition with machine intelligence.,"Helsinki, Southern Finland, Finland","European Union (EU), Nordic Countries, Scandinavia",Active,1.0,Seed,15-11-2014,500000.0,USD,500000.0,Seed,500000.0,USD,500000.0
01-06-2014,day,AIMO,https://www.crunchbase.com/organization/aimo,"Artificial Intelligence, Health Care, InsurTech",AIMO empowers everyone to take care of their health and optimise fitness.,"Kalmar, Kalmar Lan, Sweden","European Union (EU), Nordic Countries, Scandinavia",Active,1.0,Seed,26-04-2017,15000.0,EUR,16362.0,Seed,15000.0,EUR,16362.0
13-11-2012,day,Oriense,https://www.crunchbase.com/organization/oriense,"Artificial Intelligence, Assistive Technology, Augmented Reality, Computer Vision, Consumer Electronics, Embedded Systems, Linux, Navigation, Wearables",Oriense develops assisting devices for the blind and the visually impaired.,"Eindhoven, Noord-Brabant, The Netherlands",European Union (EU),Active,4.0,Seed,28-03-2016,50000.0,USD,50000.0,Grant,220000.0,USD,220000.0
01-01-2016,day,Union Realtime LLC,https://www.crunchbase.com/organization/union-realtime-llc-2,"Consulting, Data Visualization, FinTech, Self-Storage",Union Realtime is a financial services research and technology specialist.,"New York, New York, United States","Greater New York Area, East Coast, Northeastern US",Active,1.0,Seed,01-01-2016,215000.0,USD,215000.0,Seed,215000.0,USD,215000.0
13-09-2016,day,BovaMetrics,https://www.crunchbase.com/organization/bovametrics,"Artificial Intelligence, FinTech, Wealth Management",AI Portfolio Monitoring + Performance Based Rebalancing for Wealth Advisors,"Charlotte, North Carolina, United States","East Coast, Southern US",Active,1.0,Seed,12-03-2018,100000.0,USD,100000.0,Seed,100000.0,USD,100000.0
19-05-2016,day,Bled Tech,https://www.crunchbase.com/organization/bled-tech,"Artificial Intelligence, E-Commerce, Financial Services, FinTech, Mobile Payments, Nanotechnology",Bled Tech is a UK based company with international presence. ,"London, England, United Kingdom",European Union (EU),Active,1.0,Seed,19-05-2016,265000.0,USD,265000.0,Seed,265000.0,USD,265000.0
21-03-2018,day,zeroone.ai,https://www.crunchbase.com/organization/zeroone-ai-inc,"Artificial Intelligence, Finance, FinTech",We make AI-driven financial products on the decentralized ecosystem.,"Toronto, Ontario, Canada",Great Lakes,Active,1.0,Seed,21-03-2018,30000.0,CAD,23260.0,Seed,30000.0,CAD,23260.0
01-07-2013,day,LiquidLandscape,https://www.crunchbase.com/organization/progviz,"Big Data, Data Visualization, FinTech, Health Care",Liquid Landscape is a developer of applications that apply visualization to data and information.,"San Francisco, California, United States","San Francisco Bay Area, West Coast, Western US",Closed,1.0,Seed,23-03-2015,118000.0,USD,118000.0,Seed,118000.0,USD,118000.0
01-01-2015,year,IQCIO,https://www.crunchbase.com/organization/iqcio,"Artificial Intelligence, Financial Services, Risk Management", IQCIO empowers digital investment advice that adapts as market conditions change.,"New York, New York, United States","Greater New York Area, East Coast, Northeastern US",Active,1.0,Seed,27-12-2016,750000.0,USD,750000.0,Seed,750000.0,USD,750000.0
01-07-2017,day,ThinkerZero,https://www.crunchbase.com/organization/thinkerzero,"Artificial Intelligence, FinTech, Machine Learning",Machine Learning and Artificial Intelligence,"Boston, Massachusetts, United States","Greater Boston Area, East Coast, New England",Active,1.0,Seed,30-12-2017,125000.0,USD,125000.0,Seed,125000.0,USD,125000.0
13-06-2013,day,i2i Logic,https://www.crunchbase.com/organization/i2i-logic,"Analytics, Data Visualization, Financial Services, FinTech, Predictive Analytics, Sales, Training",i2i Logic customizes client engagement platforms for bankers and other professionals to use with their corporate and institutional clients.,"Hong Kong, Hong Kong Island, Hong Kong",Asia-Pacific (APAC),Active,1.0,Seed,01-07-2014,41250.0,USD,41250.0,Seed,41250.0,USD,41250.0
01-01-2012,year,FixNix Inc.,https://www.crunchbase.com/organization/fixnix-infosec-solutions,"Artificial Intelligence, Banking, Compliance, Financial Services, FinTech, Insurance, Machine Learning, Predictive Analytics, Risk Management, Security",Fixnix is a developer of compliance and analytics software for large corporations.,"Fremont, California, United States","San Francisco Bay Area, Silicon Valley, West Coast",Active,2.0,Seed,28-03-2016,500000.0,USD,500000.0,Seed,662510.0,USD,662510.0
01-08-2011,day,Kimerick Technologies,https://www.crunchbase.com/organization/kimerick-technologies,"Analytics, Big Data, Finance, Financial Exchanges, FinTech, Machine Learning",Software company developing artificial intelligence and machine learning algorithms: big data classification & predictive financial trading.,"Berkeley, California, United States","San Francisco Bay Area, West Coast, Western US",Active,2.0,Seed,26-08-2013,55420.0,USD,55420.0,Seed,130420.0,USD,130420.0
02-01-2016,day,7 Chord,https://www.crunchbase.com/organization/7-chord,"Analytics, Artificial Intelligence, Big Data, Credit, Data Mining, Data Visualization, Financial Services, Machine Learning, Predictive Analytics, Trading Platform",FinTech firm that uses Machine Learning (A.I.) to automate pricing and execution in corporate bonds. Corporate Bond Electronic Trading,"New York, New York, United States","Greater New York Area, East Coast, Northeastern US",Active,4.0,Seed,01-07-2018,517000.0,USD,517000.0,Seed,637000.0,USD,637000.0
01-09-2017,month,BlockClaim,https://www.crunchbase.com/organization/blockclaim,"Artificial Intelligence, Blockchain, Image Recognition, Insurance, InsurTech, Natural Language Processing, Software",AI Fraud Filtering & Blockchain Claims Automation for Insurance,"London, England, United Kingdom",European Union (EU),Active,1.0,Seed,02-04-2018,450000.0,GBP,632097.0,Seed,450000.0,GBP,632097.0
13-09-2013,day,Switchboard Sally,https://www.crunchbase.com/organization/switchboard-sally,"Artificial Intelligence, Cloud Security, Communities, Identity Management, Predictive Analytics, Privacy, Social Network","Switchboard Sally leverages the transformational potential of artificial intelligence, trustworthy computing and blockchain technologies.","San Francisco, California, United States","San Francisco Bay Area, West Coast, Western US",Active,1.0,Seed,01-05-2014,175000.0,USD,175000.0,Seed,175000.0,USD,175000.0
09-07-2002,day,DreamTai com Inc,https://www.crunchbase.com/organization/dreamtai-com-inc,"Artificial Intelligence, FinTech, Machine Learning","DreamTai com Inc uses artificial intelligence, machine learning and neural networks software for trading financial markets. ","Princeton, New Jersey, United States","East Coast, Northeastern US",Active,1.0,Seed,09-07-2002,5000.0,USD,5000.0,Seed,5000.0,USD,5000.0
